Store_ID,Dept,Weekly_Sales,IsHoliday,CPI,Unemployment,Month
1,1,24924.5,0,211.0963582,8.106,2
1,26,11737.12,0,211.0963582,8.106,2
1,17,13223.76,0,211.0963582,8.106,2
